id,status,attempts,assigned_device,Tam_Quoc_Lenh,Hoat_Dong,Cua_Hang,Quan_Doan,Khong_Gian_Ca_Nhan,Xa_Giao,TT_A1_Bao_Vat,TT_A2_Tuong_An,TT_A3_Chua_Cong,TT_A4_Ve_Tuong,TT_A5_Trai_Ngua,TT_A6_Than_Binh,TT_A7_Chien_Hon,Vo_Tuong,Quan_Su,Nhiem_Vu,last_run,error_message,tasks,game_day,reset_hour
acc_001,LOGGED_IN,8,emulator-5554,DONE,DONE,RUNNING,DONE,DONE,DONE,READY,READY,READY,READY,READY,READY,READY,READY,READY,READY,2026-10-01T22:59:00+07:00,,{},2026-09-30,23
acc_002,READY,0,,READY,READY,READY,READY,READY,READY,READY,READY,READY,READY,READY,READY,READY,READY,READY,READY,,,{},2026-09-30,23
acc_003,READY,0,,READY,READY,READY,READY,READY,READY,READY,READY,READY,READY,READY,READY,READY,READY,READY,READY,,,{},2026-09-30,23
acc_004,READY,0,,READY,READY,READY,READY,READY,READY,READY,READY,READY,READY,READY,READY,READY,READY,READY,READY,,,{},2026-09-30,23
acc_005,READY,0,,READY,READY,READY,READY,READY,READY,READY,READY,READY,READY,READY,READY,READY,READY,READY,READY,,,{},2026-09-30,23
acc_006,READY,0,,READY,READY,READY,READY,READY,READY,READY,READY,READY,READY,READY,READY,READY,READY,READY,READY,,,{},2026-09-30,23
acc_007,READY,0,,READY,READY,READY,READY,READY,READY,READY,READY,READY,READY,READY,READY,READY,READY,READY,READY,,,{},2026-09-30,23
acc_008,READY,0,,READY,READY,READY,READY,READY,READY,READY,READY,READY,READY,READY,READY,READY,READY,READY,READY,,,{},2026-09-30,23
acc_009,READY,0,,READY,READY,READY,READY,READY,READY,READY,READY,READY,READY,READY,READY,READY,READY,READY,READY,,,{},2026-09-30,23
acc_010,READY,0,,READY,READY,READY,READY,READY,READY,READY,READY,READY,READY,READY,READY,READY,READY,READY,READY,,,{},2026-09-30,23
acc_011,READY,0,,READY,READY,READY,READY,READY,READY,READY,READY,READY,READY,READY,READY,READY,READY,READY,READY,,,{},2026-09-30,23
acc_012,READY,0,,READY,READY,READY,READY,READY,READY,READY,READY,READY,READY,READY,READY,READY,READY,READY,READY,,,{},2026-09-30,23
acc_013,READY,0,,READY,READY,READY,READY,READY,READY,READY,READY,READY,READY,READY,READY,READY,READY,READY,READY,,,{},2026-09-30,23
acc_014,READY,0,,READY,READY,READY,READY,READY,READY,READY,READY,READY,READY,READY,READY,READY,READY,READY,READY,,,{},2026-09-30,23
acc_015,READY,0,,READY,READY,READY,READY,READY,READY,READY,READY,READY,READY,READY,READY,READY,READY,READY,READY,,,{},2026-09-30,23
acc_016,READY,0,,READY,READY,READY,READY,READY,READY,READY,READY,READY,READY,READY,READY,READY,READY,READY,READY,,,{},2026-09-30,23
acc_017,READY,0,,READY,READY,READY,READY,READY,READY,READY,READY,READY,READY,READY,READY,READY,READY,READY,READY,,,{},2026-09-30,23
acc_018,READY,0,,READY,READY,READY,READY,READY,READY,READY,READY,READY,READY,READY,READY,READY,READY,READY,READY,,,{},2026-09-30,23
acc_019,READY,0,,READY,READY,READY,READY,READY,READY,READY,READY,READY,READY,READY,READY,READY,READY,READY,READY,,,{},2026-09-30,23
acc_020,READY,0,,READY,READY,READY,READY,READY,READY,READY,READY,READY,READY,READY,READY,READY,READY,READY,READY,,,{},2026-09-30,23
acc_021,READY,0,,READY,READY,READY,READY,READY,READY,READY,READY,READY,READY,READY,READY,READY,READY,READY,READY,,,{},2026-09-30,23
acc_022,READY,0,,READY,READY,READY,READY,READY,READY,READY,READY,READY,READY,READY,READY,READY,READY,READY,READY,,,{},2026-09-30,23
acc_023,READY,0,,READY,READY,READY,READY,READY,READY,READY,READY,READY,READY,READY,READY,READY,READY,READY,READY,,,{},2026-09-30,23
acc_024,READY,0,,READY,READY,READY,READY,READY,READY,READY,READY,READY,READY,READY,READY,READY,READY,READY,READY,,,{},2026-09-30,23
acc_025,READY,0,,READY,READY,READY,READY,READY,READY,READY,READY,READY,READY,READY,READY,READY,READY,READY,READY,,,{},2026-09-30,23
