id,status,attempts,assigned_device,current_task,last_run,error_message,tasks,game_day,reset_hour
acc_001,READY,0,,LOGIN,,,{},2026-09-28,23
acc_002,READY,0,,LOGIN,,,{},2026-09-28,23
acc_003,READY,0,,LOGIN,,,{},2026-09-28,23
acc_004,READY,0,,LOGIN,,,{},2026-09-28,23
acc_005,READY,0,,LOGIN,,,{},2026-09-28,23
acc_006,READY,0,,LOGIN,,,{},2026-09-28,23
acc_007,READY,0,,LOGIN,,,{},2026-09-28,23
acc_008,READY,0,,LOGIN,,,{},2026-09-28,23
acc_009,READY,0,,LOGIN,,,{},2026-09-28,23
acc_010,READY,0,,LOGIN,,,{},2026-09-28,23
acc_011,READY,0,,LOGIN,,,{},2026-09-28,23
acc_012,READY,0,,LOGIN,,,{},2026-09-28,23
acc_013,READY,0,,LOGIN,,,{},2026-09-28,23
acc_014,READY,0,,LOGIN,,,{},2026-09-28,23
acc_015,READY,0,,LOGIN,,,{},2026-09-28,23
acc_016,READY,0,,LOGIN,,,{},2026-09-28,23
acc_017,READY,0,,LOGIN,,,{},2026-09-28,23
acc_018,READY,0,,LOGIN,,,{},2026-09-28,23
acc_019,READY,0,,LOGIN,,,{},2026-09-28,23
acc_020,READY,0,,LOGIN,,,{},2026-09-28,23
acc_021,READY,0,,LOGIN,,,{},2026-09-28,23
acc_022,READY,0,,LOGIN,,,{},2026-09-28,23
acc_023,READY,0,,LOGIN,,,{},2026-09-28,23
acc_024,READY,0,,LOGIN,,,{},2026-09-28,23
acc_025,READY,0,,LOGIN,,,{},2026-09-28,23
acc_026,READY,0,,LOGIN,,,{},2026-09-28,23
acc_027,READY,0,,LOGIN,,,{},2026-09-28,23
acc_028,READY,0,,LOGIN,,,{},2026-09-28,23
acc_029,READY,0,,LOGIN,,,{},2026-09-28,23
acc_030,READY,0,,LOGIN,,,{},2026-09-28,23
acc_031,READY,0,,LOGIN,,,{},2026-09-28,23
acc_032,READY,0,,LOGIN,,,{},2026-09-28,23
acc_033,READY,0,,LOGIN,,,{},2026-09-28,23
acc_034,READY,0,,LOGIN,,,{},2026-09-28,23
acc_035,READY,0,,LOGIN,,,{},2026-09-28,23
acc_036,READY,0,,LOGIN,,,{},2026-09-28,23
acc_037,READY,0,,LOGIN,,,{},2026-09-28,23
acc_038,READY,0,,LOGIN,,,{},2026-09-28,23
acc_039,READY,0,,LOGIN,,,{},2026-09-28,23
acc_040,READY,0,,LOGIN,,,{},2026-09-28,23
acc_041,READY,0,,LOGIN,,,{},2026-09-28,23
acc_042,READY,0,,LOGIN,,,{},2026-09-28,23
acc_043,READY,0,,LOGIN,,,{},2026-09-28,23
acc_044,READY,0,,LOGIN,,,{},2026-09-28,23
acc_045,READY,0,,LOGIN,,,{},2026-09-28,23
acc_046,READY,0,,LOGIN,,,{},2026-09-28,23
acc_047,READY,0,,LOGIN,,,{},2026-09-28,23
acc_048,READY,0,,LOGIN,,,{},2026-09-28,23
acc_049,READY,0,,LOGIN,,,{},2026-09-28,23
acc_050,READY,0,,LOGIN,,,{},2026-09-28,23
acc_051,READY,0,,LOGIN,,,{},2026-09-28,23
acc_052,READY,0,,LOGIN,,,{},2026-09-28,23
acc_053,READY,0,,LOGIN,,,{},2026-09-28,23
acc_054,READY,0,,LOGIN,,,{},2026-09-28,23
acc_055,READY,0,,LOGIN,,,{},2026-09-28,23
acc_056,READY,0,,LOGIN,,,{},2026-09-28,23
acc_057,READY,0,,LOGIN,,,{},2026-09-28,23
acc_058,READY,0,,LOGIN,,,{},2026-09-28,23
acc_059,READY,0,,LOGIN,,,{},2026-09-28,23
acc_060,READY,0,,LOGIN,,,{},2026-09-28,23
acc_061,READY,0,,LOGIN,,,{},2026-09-28,23
acc_062,READY,0,,LOGIN,,,{},2026-09-28,23
